baseline,observed_mean_difference,exact_signflip_p,n_pairs
combined_score,0.2841616284192189,0.023255813953488372,7
cosine_score,0.2819686770211937,0.023255813953488372,7
pearson_score,0.2819686770211937,0.023255813953488372,7
overlap_score,0.6400654689366266,0.023255813953488372,7
effect_score_scaled,0.45460881310046203,0.023255813953488372,7
